<?xml version="1.0" encoding="ISO-8859-1"?>
<!--
 * Copyright 2009 Red Hat, Inc.
 *
 * Red Hat licenses this file to you under the Apache License, version 2.0
 * (the "License"); you may not use this file except in compliance with the
 * License.  You may obtain a copy of the License at:
 *
 *    http://www.apache.org/licenses/LICENSE-2.0
 *
 * Unless required by applicable law or agreed to in writing, software
 * distributed under the License is distributed on an "AS IS" BASIS, WITHOUT
 * WARRANTIES OR CONDITIONS OF ANY KIND, either express or implied.  See the
 * License for the specific language governing permissions and limitations
 * under the License.
-->
<!DOCTYPE chapter PUBLIC "-//OASIS//DTD DocBook XML V4.5//EN" "http://www.docbook.org/xml/4.5/docbookx.dtd" [
<!ENTITY % CustomDTD SYSTEM "custom.dtd">
%CustomDTD;
]>
<book lang="en">
  <bookinfo>
    <title>The Netty Project 3.2 User Guide</title>
    <subtitle>The Proven Approach to Rapid Network Application Development</subtitle>
    <releaseinfo>
      <!-- The version.txt file is generated by maven-antrun-plugin. -->
      <xi:include href="../../../target/version.txt" parse="text"
                  xmlns:xi="http://www.w3.org/2001/XInclude"/>
    </releaseinfo>
  </bookinfo>

  <toc/>

  <xi:include href="module/preface.xml"
              xmlns:xi="http://www.w3.org/2001/XInclude" />

  <xi:include href="module/start.xml"
              xmlns:xi="http://www.w3.org/2001/XInclude" />

  <xi:include href="module/architecture.xml"
              xmlns:xi="http://www.w3.org/2001/XInclude" />

  <!-- The following chapters are not written yet.  -->
  <!--
  <xi:include href="module/state-mgmt.xml"
              xmlns:xi="http://www.w3.org/2001/XInclude" />

  <xi:include href="module/codec.xml"
              xmlns:xi="http://www.w3.org/2001/XInclude" />

  <xi:include href="module/threading.xml"
              xmlns:xi="http://www.w3.org/2001/XInclude" />

  <xi:include href="module/security.xml"
              xmlns:xi="http://www.w3.org/2001/XInclude" />

  <xi:include href="module/transport.xml"
              xmlns:xi="http://www.w3.org/2001/XInclude" />

  <xi:include href="module/appendix.xml"
              xmlns:xi="http://www.w3.org/2001/XInclude" />
  -->
</book>
